<?xml version="1.0" encoding="UTF-8"?>
<project-private xmlns="http://www.netbeans.org/ns/project-private/1">
    <editor-bookmarks xmlns="http://www.netbeans.org/ns/editor-bookmarks/2" lastBookmarkId="0"/>
    <open-files xmlns="http://www.netbeans.org/ns/projectui-open-files/2">
        <group name="MOB1023 JAVA 2">
            <file>file:/F:/QUANG%20FPL/DUAN%201/QL%20thu%20vien/XPoly/demo2/src/TaiKhoan/DangNhap.java</file>
            <file>file:/F:/QUANG%20FPL/DUAN%201/QL%20thu%20vien/XPoly/demo2/src/com/xpoly/helper/EzHelper.java</file>
        </group>
        <group/>
    </open-files>
</project-private>
